dog,puppy,doggo,doggie,pup,dogs,pupper,puppies,doggy,lab,labs,,,,,,,,,,,,,,,,,,,
rabbit,bunny,hare,bunnies,,,,,,,,,,,,,,,,,,,,,,,,,,
bird,parrot,dove,chicken,crow,peacock,sparrow,goose,stork,pigeon,turkey,hawk,raven ,flamingo,ostrich,swallow,black bird,robin,swan,birdie,birds,ducklings,duck,ducks,woodpecker,owl,penguin,parakeet,cockatoo,pelican
cat,tiger,lion,leopard,cats,kitten,kitty,kittens,bobcat ,cheetah ,jaguar,cougar,lynx,,,,,,,,,,,,,,,,,
hamster,gerbil,,,,,,,,,,,,,,,,,,,,,,,,,,,,
cow,,,,,,,,,,,,,,,,,,,,,,,,,,,,,
shrimp,,,,,,,,,,,,,,,,,,,,,,,,,,,,,
pig,,,,,,,,,,,,,,,,,,,,,,,,,,,,,
crab,,,,,,,,,,,,,,,,,,,,,,,,,,,,,
deer,fawn,,,,,,,,,,,,,,,,,,,,,,,,,,,,
sheep,,,,,,,,,,,,,,,,,,,,,,,,,,,,,
fish,goldfish ,tropical fish,,,,,,,,,,,,,,,,,,,,,,,,,,,
squirrel,,,,,,,,,,,,,,,,,,,,,,,,,,,,,
ox,,,,,,,,,,,,,,,,,,,,,,,,,,,,,
panda,,,,,,,,,,,,,,,,,,,,,,,,,,,,,
mouse,,,,,,,,,,,,,,,,,,,,,,,,,,,,,
goat,,,,,,,,,,,,,,,,,,,,,,,,,,,,,
horse,,,,,,,,,,,,,,,,,,,,,,,,,,,,,
monkey,,,,,,,,,,,,,,,,,,,,,,,,,,,,,
koala,,,,,,,,,,,,,,,,,,,,,,,,,,,,,
mole,,,,,,,,,,,,,,,,,,,,,,,,,,,,,
giraffe,,,,,,,,,,,,,,,,,,,,,,,,,,,,,
camel,,,,,,,,,,,,,,,,,,,,,,,,,,,,,
starfish,,,,,,,,,,,,,,,,,,,,,,,,,,,,,
alligator,,,,,,,,,,,,,,,,,,,,,,,,,,,,,
bear,,,,,,,,,,,,,,,,,,,,,,,,,,,,,
coyote,,,,,,,,,,,,,,,,,,,,,,,,,,,,,
chimpanzee,,,,,,,,,,,,,,,,,,,,,,,,,,,,,
raccoon,,,,,,,,,,,,,,,,,,,,,,,,,,,,,
 wolf,,,,,,,,,,,,,,,,,,,,,,,,,,,,,
crocodile,,,,,,,,,,,,,,,,,,,,,,,,,,,,,
dolphin,,,,,,,,,,,,,,,,,,,,,,,,,,,,,
elephant,,,,,,,,,,,,,,,,,,,,,,,,,,,,,
snake,,,,,,,,,,,,,,,,,,,,,,,,,,,,,
kangaroo,,,,,,,,,,,,,,,,,,,,,,,,,,,,,
hippopotamus,,,,,,,,,,,,,,,,,,,,,,,,,,,,,
elk,,,,,,,,,,,,,,,,,,,,,,,,,,,,,
fox,,,,,,,,,,,,,,,,,,,,,,,,,,,,,
gorilla,,,,,,,,,,,,,,,,,,,,,,,,,,,,,
bat,,,,,,,,,,,,,,,,,,,,,,,,,,,,,
frog,toad,froggy,,,,,,,,,,,,,,,,,,,,,,,,,,,
rat,,,,,,,,,,,,,,,,,,,,,,,,,,,,,
badger,,,,,,,,,,,,,,,,,,,,,,,,,,,,,
lizard,,,,,,,,,,,,,,,,,,,,,,,,,,,,,
hedgehog,,,,,,,,,,,,,,,,,,,,,,,,,,,,,
otter,,,,,,,,,,,,,,,,,,,,,,,,,,,,,
reindeer,,,,,,,,,,,,,,,,,,,,,,,,,,,,,
seal,,,,,,,,,,,,,,,,,,,,,,,,,,,,,
octopus,,,,,,,,,,,,,,,,,,,,,,,,,,,,,
shark,,,,,,,,,,,,,,,,,,,,,,,,,,,,,
seahorse,,,,,,,,,,,,,,,,,,,,,,,,,,,,,
walrus,,,,,,,,,,,,,,,,,,,,,,,,,,,,,
whale,,,,,,,,,,,,,,,,,,,,,,,,,,,,,
jellyfish,,,,,,,,,,,,,,,,,,,,,,,,,,,,,
squid,,,,,,,,,,,,,,,,,,,,,,,,,,,,,
lobster,,,,,,,,,,,,,,,,,,,,,,,,,,,,,
clams,,,,,,,,,,,,,,,,,,,,,,,,,,,,,
seagull,,,,,,,,,,,,,,,,,,,,,,,,,,,,,
sea urchin,,,,,,,,,,,,,,,,,,,,,,,,,,,,,
sea anemone,,,,,,,,,,,,,,,,,,,,,,,,,,,,,
turtle,,,,,,,,,,,,,,,,,,,,,,,,,,,,,
sea lion,,,,,,,,,,,,,,,,,,,,,,,,,,,,,
human,child,humans,niece,nephew,sister,brother,,,,,,,,,,,,,,,,,,,,,,,
orangutans,,,,,,,,,,,,,,,,,,,,,,,,,,,,,
unidentified,,,,,,,,,,,,,,,,,,,,,,,,,,,,,